First Name,Mobile,Email
John Doe,9876543210,john.doe@example.com
Jane Smith,8765432109,jane.smith@example.com
Michael Brown,7654321098,michael.brown@test.com
Emily Davis,6543210987,emily.davis@service.com
William Wilson,5432109876,william.wilson@mail.com
Olivia Garcia,4321098765,olivia.garcia@web.com
James Miller,3210987654,james.miller@provider.com
Sophia Martinez,2109876543,sophia.martinez@domain.com
Robert Taylor,1098765432,robert.taylor@company.com
Isabella Anderson,9988776655,isabella.anderson@office.com
